{"cameraMode":{"drawMode":0,"name":"Shaded","section":"Shading Mode"},"sceneLighting":true,"audioPlay":false,"sceneViewState":{"showFog":true,"showMaterialUpdate":false,"showSkybox":true,"showFlares":true,"showImageEffects":true,"showParticleSystems":true},"in2DMode":false,"pivot":{"x":-11.102603912353516,"y":3.111226797103882,"z":-0.014797210693359375},"rotation":{"x":0.08155397325754166,"y":-0.8759937882423401,"z":0.15974348783493043,"w":0.448002427816391},"size":4.435184955596924,"orthographic":false}